{"forward":"보내다, 전달하다","straight away":"즉시","redundant":"잉여의 , 남는","challenging":"힘든, 어려운","when it comes to":"~에 관해서는","proofread":"(원고 등을) 교정하다","carry":"시해하다","aside from":"~을 제외하고, ~외에도","even as":"~함과 동시에","inaguration":"취임, 개업, 창업","provisional":"임시의","have yet to":"아직 ~하지 못하다","as yet":"아직까지는","and yet":"그렇지만","consent to":"동의하다","adversely":"부정적으로","turn down":"거절하다","formative":"창의적인","presumably":"아마도","assertion":"주장","insist":"주장하다","insistence":"주장, 요구","consistent":"변함 없는, 일관된"}