{"help oneself to":"자유로이 먹다","by oneself":"혼자서, 스스로","pay for itself":"본전을 뽑다","turnaround":"(상황 등의) 호전","promising":"유망한","dedicated":"헌신적인","existing":"기존의","surrounding":"주변의","overwhelming":"압도적인","celebrated":"유명한","distinguished":"유명한, 성공한","unprecedented":"전례 없는","ineligible":"자격 없는","discontinue":"중단하다","through":"~을 통해, (기간) 내내","amid":"~으로 에워싸인, 가운데","aside from":"~을 제외하고, ~외에도","renewable":"재생 가능한","comply with":"준수하다","adhere to":"준수하다","be compliant with":"준수하다","refrain (from)":"삼가다, 그만두다","amenity":"편의 시설","pertaining to":"~에 관하여","confront":"직면하다","notwithstanding":"그럼에도 불구하고","oversee":"감독하다","sharp":"날카로운, 정각에","substantially":"상당히, 주로","inquiry":"문의, 질문","petition":"진정(서,) 탄원(서)","consultation":"상담, 협의","in consultation with":"~와 논의를 한 후에","desired":"원하는, 원했던","owing to":"~ 때문에","surpass":"능가하다, 뛰어넘다","withdraw":"인출하다, 철수하다, 그만두다","even as":"~함과 동시에","treaty":"조약","outdone":"능가하다","apparently":"듣자하니","at most":"기껏 해야","inaguration":"취임, 개업, 창업","location":"위치, 지점(branch)","secure":"확보하다","reside":"거주하다","be accustomed to":"~에 익숙하다","be committed to":"~에 헌신하다","revise":"수정하다","tentative":"임시의","provisional":"임시의","yet":"이제까지 중 가장","reinstate":"복원시키다","have yet to":"아직 ~하지 못하다","as yet":"아직까지는","and yet":"그렇지만","intent":"의도, 열중하는","intentionally":"의도적으로","intend":"의도하다","intentional":"의도적인","intently":"주의 깊게, 골똘하게","permit":"허락하다/허가증","permission":"허가, 허락","associate":"연합하다/동료, 일행","association":"연합, 연상","extract":"추출하다/발췌문","extraction":"추출","ease":"완화하다/쉬움","function":"작동하다/작동,모임","measure":"측정하다, 조치","measurement":"측정","wear":"착용하다/마모,닳음","involve":"관련되다, 참가하다","award":"수여하다","following":"~후에, 다음에","prior to":"~전에","forfeit":"몰수하다, 빼앗다","foreseeable":"예측할 수 있는","sophisticated":"정교한, 세련된","infringement":"침해","amass":"모으다,축적하다","acclaim":"칭찬, 호평","succeed":"후임으로 오다","piracy":"해적질","outlet":"매체","agenda":"안건, 의제","patents":"특허","criterian":"기준","criteria":"기준들","timely":"시의적절한","confidential":"비밀의","relevant":"적절한, 관련 있는","explanatory":"이유를 밝히는, 변명하는","throughout":"~동안에, ~도처에","object":"반대하다","consent to":"동의하다","patron":"손님, 고객","disruption":"혼란, 중단","restore":"복구시키다, 회복시키다","admit":"인정하다/허락하다","surplus":"흑자, 잉여의","invoice":"청구서, 송장","clearance":"정리/승인/간격","optimistic":"낙관적인","pessimistic":"비관적인","neglect":"방치하다","locate":"위치시키다, 찾다","substantial":"상당한","sizeable":"상당한","progress":"진전","contemporary":"현대의","detailed":"꼼꼼한,철저한","exhaustive":"철저한","occasional":"가끔 있는","intermittent":"가끔 있는","whereas":"반면에","viable":"실행 가능한, 성공할 수 있는","inspiration":"영감","on behalf of":"~을 대표하여","rather than":"대신에","tightly":"꽉 조이게, 깐깐하게","firmly":"단호히, 확고하게","rigidly":"완고하게","adversely":"부정적으로","unfavorably":"부정적으로","thoroughly":"완벽하게","supposedly":"아마","meticulous":"세심한, 꼼꼼한","stagnant":"정체된","defective":"결함이 있는","faulty":"결함이 있는","impefect":"결함이 있는","sustainable":"지속 가능한","apparel":"의류, 옷","irritation":"염증","garment":"옷","in person":"직접","allow":"허락하다/할애하다","suspend":"중단하다, 보류하다","abandon":"버리다","bureau":"사무실","record":"기록적인","culinary":"요리의, 주방의","tuition":"수업료","aspire":"열망하다","declare":"선언하다, 공표하다","vacancy":"결원","vacant":"결원의","vacate":"비우다","promotion":"승진","fraud":"사기","submission":"제출","inspection":"점검, 조사","so far=thus far":"지금까지","shortly":"곧","simultaneously":"동시에, 일제히","cope with":"다루다, 처리하다","proofread":"(원고 등을) 교정하다","manageable":"다루기 쉬운, 통제가 가능한","redundant":"잉여의 , 남는","straight away":"즉시","forward":"보내다, 전달하다","turn down":"거절하다","refreshment":"다과,간식","inclusively":"포괄적으로","debate":"논쟁하다","takeover":"인수","formative":"창의적인","presumably":"아마도","draw":"그리다, 관심을 끌다, 당기다","authorization":"허가","authorize":"허가하다","breach":"위반","slightly":"약간","marginally":"약간","routinely":"일상적으로","promptly":"즉각적으로","swiftly":"신속히,즉각적으로","insist":"주장하다","insistently":"집요하게","persistently":"집요하게,고집스럽게","repeatedly":"집요하게,반복적으로","insistence":"주장, 요구","assertion":"주장","insistent":"집요한, 반복적인","venue":"장소","assorted":"다양한, 섞인","drastically":"상당히, 근본적으로","appropriate":"적절한","alarming":"놀랄만한, 대단한","appoint":"임명하다","replaceable":"교체 가능한","disposable":"일회용의, 교체 가능한","substitute":"대체품, 대체하다","in advance":"미리","chronic":"시간이 지나도 계속되는","persistent":"집요한/끊임없이 지속되는","immense":"방대한","meticulously":"조심스럽게","deposit":"입금하다","subsequently":"이후에","preferably":"가능하면","shift":"근무 조","commend":"칭찬하다","file a motion":"법원에 요청서를 제출하다","initiative":"계획","talk":"강연","sell out":"매진되다","forthcoming":"다가오는","presumable":"있음직한","reliable":"내구성 좋은","archive":"저장소에 저장하다","memoir":"회고록","reportedly":"전하는 바에 따르면","contemplate":"고려하다","contractor":"도급업자","possess":"소유하다","accredit":"인정하다","multinational":"다국적의","stationary":"움직이지 않는 ,고정된","work out":"운동하다","disturbance":"방해","saddle":"안장","align":"나란히 하다","switch on":"켜다","intensity":"강도","around-the-clock":"24시간 내내","undertake":"착수하다","follow up":"덧붙이다","expertise":"전문 지식","promotional":"판촉의","note":"언급하다","in a row":"연속으로","gracefully":"우아하게","aggressively":"적극적으로/공격적으로","confirmatory":"확실하게 하는","not just A but B as well":"A 뿐만 아니라 B도","conversion":"전환, 개조","apt":"적절한","consistent":"변함 없는, 일관된","subsequent":"이후의","obligate":"강요하다/의무적인","presence":"영향력, 존재감","indication":"조짐, 암시","sparsely":"드물게","thickly":"두껍게","exclusive":"독점적인/배타적인","observant":"관찰력 있는/준수하는","apprehensive":"불안한,걱정되는","preceding":"이전의,/앞선, 선행하는","moderate":"중간의/완화하다","laborious":"힘든","manuscript":"원고","premiere":"개봉 , 초연","adopt":"채택하다","only if":"~해야만","besides":"전)~외에,/ 부) 게다가","time off":"휴식, 휴가","figure out":"생각해내다","aboard":"탄, 탑승한(on board)","reinforce":"강화하다","commitment":"약속, 신념","be reminded to v":"~하도록 주의 받다","renovation":"혁신, 보수, 수선","get in touch with":"~와 연락하다, 접촉하다","quote":"견적(=quotation)","at no charge":"무료로","reveal":"밝히다, 폭로하다","complimentary":"무료의","momentary":"순간적인","skillfully":"능숙하게","unattended":"방치된","perishable":"상하기 쉬운","away from":"~로부터 떨어져 있는","charity":"자선 행사","compelling":"흥미로운, 강제하는","determined":"단호한","significantly":"엄청나게, 많이","interests":"이익, 이해관계","assemble":"조립하다","abide by":"준수하다","conduct":"수행하다","layout":"진열, 배치","trolly":"캐리어","conform with":"(규칙을) 따르다, 준수하다","take charge of":"~을 담당하다","plumbing":"배관","fixture":"고정된 세간","present":"참석하는, 현재의","reassurance":"안심","apart from":"~을 제외하고","booking feature":"예약 기능","outperform":"능가하다","appealing":"매력적인,흥미로운","provided (that)":"접) 만일 ~라면 (if)","nutrition":"영양","steps":"계단","bustling":"부산한, 북적거리는","instructional":"교육의","compartment":"전체를 구성하는 부분","entertaining":"재미 있는","experiential":"실용적인","even if":"만약 그렇더라도","just in case":"만약을 대비해서","autobiography":"자서전","head":"이끌다(=lead)","adjacent":"인접한(=neighboring)","admission":"입학","acknowledge":"인정하다","critical":"비판적인/중요한","pass by":"지나쳐 가다","slip on":"미끄러 지다, (옷을) 입다","take off":"벗다, 이륙하다","readily":"빠르고 쉽게(=easily)","boost":"신장시키다","revenue":"이윤, 수입","outstanding":"뛰어난/미지급된","assembly":"조립","budgeting":"예산 편성","lease":"임대차 계약/임대하다","tenant":"세입자","landlord":"임대주","engage in":"~에 참여하다","lengthy":"오랜, 장황한","setback":"차질","dispute":"분쟁,논쟁","measureable":"측정할 수 있는/주목할만 한","observe":"보다/관찰하다","invest":"투자하다","retain":"유지하다","prosecutor":"검사","seize":"붙잡다","favorable":"유리한, 순조로운","capitalist":"자본가,자본주의자","underneath":"~의 아래에","inconsistency":"불일치, 부적합","oversight":"감독","pending":"미해결인","turnover":"회전율","transcribe":"(옮겨) 기록하다","individually":"개별적으로","show up":"나타나다","absence":"결석","wildly":"아주, 몹시","marvel":"경이로운","rate":"평가하다","conclusion":"결론","publication":"출판, 출간","obvious":"명백한","supportive":"부양하는 ,지지하는","frequent":"자주 들르다 / 빈번한","bulb":"전구","meanwhile":"그러는 동안에, 한편","seemingly":"겉보기에는","ethically":"윤리적으로","desirable":"바람직한","broadly":"광범위하게","alongside":"옆에, 나란히 / 함께","cover":"다루다, 취재하다, 보상하다","crack down":"엄격하게 단속하다","additive":"첨가물","redeemable":"교환 가능한","profitable":"수익성 있는","convertible":"전환 가능한","work one's way up to":"높은 지위로 올라가다","census":"인구 조사","invaluable":"귀중한","format":"구성 방식","externally":"외부에서","amend":"개정하다","compliance":"준수","pledge":"서약하다","engagement":"참여","tendency":"경향","solely":"오직","wing":"부속 건물","voucher":"상품권","supplement":"보충하다","automation":"자동화","lead":"야기하다","introductory":"소개용의[출시기념]","turn(make) a profit":"이익을 내다","initially":"처음에","deliberately":"신중하게","exclusively":"독점적으로/오직","punctual":"시간을 엄수하는"}